{
  "name": "logistic",
  "features": [
    "MDS1_total",
    "MDS2_total",
    "MDS3_off_total"
  ],
  "dimension": 3,
  "source_dimension": 2,
  "loss": "MSE_diag_noise",
  "parameters": {
    "g": [
      1.9860063791275024,
      1.896672010421753,
      1.2986637353897095
    ],
    "v0": [
      -4.764740467071533,
      -4.518860816955566,
      -4.616496562957764
    ],
    "betas": [
      [
        0.022973719984292984,
        0.04965962842106819
      ],
      [
        -0.03209974244236946,
        0.00398850254714489
      ]
    ],
    "tau_mean": 65.07938385009766,
    "tau_std": 10.341791152954102,
    "xi_mean": 0.0,
    "xi_std": 0.5935126543045044,
    "sources_mean": 0.0,
    "sources_std": 1.0,
    "noise_std": [
      0.051157932728528976,
      0.054378412663936615,
      0.06488355994224548
    ],
    "mixing_matrix": [
      [
        -0.000535767525434494,
        0.035570401698350906
      ],
      [
        0.023762352764606476,
        -0.0026990820188075304
      ],
      [
        -0.03151584789156914,
        -0.034777116030454636
      ]
    ]
  }
}