{"name": "logistic", "features": ["MDS1_total", "MDS2_total", "MDS3_off_total", "SCOPA_total", "MOCA_total", "REM_total", "PUTAMEN_R", "PUTAMEN_L", "CAUDATE_R", "CAUDATE_L"], "dimension": 10, "source_dimension": 10, "loss": "MSE", "parameters": {"g": [1.545105218887329, 1.4614015817642212, 0.9917694926261902, 1.0673658847808838, 1.9864786863327026, 0.5099102854728699, -1.1340291500091553, -1.2429478168487549, -0.07567495107650757, -0.13019023835659027], "v0": [-4.192214488983154, -3.962928533554077, -4.10789680480957, -4.032949447631836, -4.70453405380249, -3.7945590019226074, -3.8855769634246826, -3.9596352577209473, -3.2902109622955322, -3.330153226852417], "betas": [[0.03445535898208618, -0.024738803505897522, -0.02282753400504589, -0.03580540046095848, 0.0014775667805224657, 0.06131677329540253, 0.056025922298431396, 0.004691304173320532, 0.003801750484853983, -0.027918612584471703], [-0.03038511611521244, -0.0014571837382391095, -0.014809471555054188, 0.004189302213490009, -0.02658296376466751, 0.036908335983753204, 0.028200816363096237, 0.03094055876135826, 0.04117445647716522, -0.02952580899000168], [0.009441831149160862, 0.061621107161045074, 0.00043309765169396996, -0.02235039696097374, 0.026621727272868156, 0.023025473579764366, 0.0780017152428627, 0.04187434911727905, -0.039895910769701004, 0.0036362698301672935], [-0.05875568464398384, -0.019966907799243927, 0.011643487960100174, -0.038912978023290634, 0.027247479185461998, 0.00823640264570713, 0.013533446937799454, 0.009680822491645813, -0.01241342630237341, -0.03283519670367241], [0.013960463926196098, -0.016453221440315247, -0.06018897891044617, -0.06097865477204323, -0.0912519171833992, 0.020720016211271286, -0.035166285932064056, 0.010290938429534435, -0.14292021095752716, 0.029999515041708946], [0.009431881830096245, -0.023304030299186707, -0.013339528813958168, 0.029682215303182602, -0.005178732797503471, -0.06815052777528763, -0.005255565512925386, 0.007771434728056192, 0.03923583775758743, -0.012637484818696976], [-0.0004787499492522329, -0.011170473881065845, 0.03201382979750633, 0.037723787128925323, -0.014444577507674694, -0.020421423017978668, 0.018492184579372406, -0.05118664726614952, 0.014945490285754204, -0.004096694756299257], [0.009868739172816277, -0.028525235131382942, -0.02174701914191246, 0.0355183482170105, 0.05289484187960625, -0.08610881119966507, -0.028318194672465324, 0.0001833796559367329, 0.07366949319839478, 0.03805519640445709], [-0.008716918528079987, -0.009250928647816181, 0.04385776072740555, 0.04606807604432106, 0.036154814064502716, -0.020787736400961876, 0.004011952318251133, -0.08330951631069183, 0.03950706869363785, 0.049170445650815964]], "tau_mean": 68.15443420410156, "tau_std": 10.030324935913086, "xi_mean": 0.0, "xi_std": 0.5716238617897034, "sources_mean": 0.0, "sources_std": 1.0, "noise_std": 0.07425364851951599, "mixing_matrix": [[-9.572176350047812e-05, -0.013596972450613976, -0.026029519736766815, -0.026484815403819084, 0.005876508541405201, 0.02076551876962185, 0.04910454526543617, 0.00790259800851345, -0.01207677461206913, 0.005845597013831139], [0.03452948108315468, -0.01420963928103447, -0.002670899499207735, -0.015296202152967453, -0.0030730566941201687, 0.045236457139253616, 0.018000546842813492, -0.001428280840627849, 0.01315371971577406, -0.03244530037045479], [-0.030333342030644417, 0.005897595081478357, -0.0007297652773559093, 0.01851528324186802, -0.029761645942926407, 0.025675999000668526, 0.0016395277343690395, 0.026665939018130302, 0.04770693555474281, -0.03268776834011078], [0.009499902836978436, 0.06987009197473526, 0.016224639490246773, -0.00628264294937253, 0.023056576028466225, 0.010427490808069706, 0.04821106418967247, 0.03708001226186752, -0.032569196075201035, 8.987590990727767e-05], [-0.05871424823999405, -0.014080900698900223, 0.02291143499314785, -0.027447940781712532, 0.02470359206199646, -0.0007528028800152242, -0.007723473012447357, 0.006259858142584562, -0.007185499183833599, -0.03536570444703102], [0.014012427069246769, -0.009071859531104565, -0.04605838656425476, -0.04660089686512947, -0.09444209188222885, 0.009447083808481693, -0.06182357668876648, 0.006000869907438755, -0.13636411726474762, 0.026826128363609314], [0.009439082816243172, -0.022281084209680557, -0.011381241492927074, 0.03167475387454033, -0.005620842333883047, -0.06971278041601181, -0.008949864655733109, 0.007176895625889301, 0.0401444137096405, -0.01307726837694645], [-0.00047309082583524287, -0.010366612114012241, 0.03355271369218826, 0.03928958997130394, -0.014791999943554401, -0.02164909429848194, 0.015589091926813126, -0.05165385454893112, 0.015659477561712265, -0.004442290402948856], [0.009919758886098862, -0.021278150379657745, -0.007873478345572948, 0.049634553492069244, 0.04976270720362663, -0.0971766784787178, -0.054490551352500916, -0.004028645809739828, 0.08010632544755936, 0.03493953496217728], [-0.008670628070831299, -0.002675506751984358, 0.05644549801945686, 0.05887598916888237, 0.03331296890974045, -0.03082982823252678, -0.019734734669327736, -0.08713117241859436, 0.04534733295440674, 0.04634355008602142]]}}